{"BzOQQ6ubGOFBgpxv3IXWtA==":"%D0%9F%D0%B0%D0%BD%D0%B4%D0%B0.1.gif","ZUx0b92jAvVJgLD8ftVKEQ==":"kachel_enot_3enota-1000x300.png","9udk6O8NVzuZhNYYPE5ohw==":"3enota_dachnaya1-1000x300.png","BMODUU8nk5pxM1O928Rj2A==":"3enota_krosha_dop2-1000x300.png","Na5F6NlugEQbPX0OJlvtnw==":"kachel_enot_3enota-1-1000x300.png","UgXiNs5ETYhIgRDBZii8hg==":"kachel_enot_3enota-450x600.png","48nhCKNEUJt8OcVQT992VQ==":"brevno_big-250x250.png","DPf6TxKKUpQD5GD6Ub5aqw==":"telega_black_3enota-250x250.png","6/Wt2tV1l/V+FNocyXCcRA==":"three-by-one-500x333.png","KFg/2doU5ZY9fSLJClpkZw==":"%D0%A4%D0%BE%D0%BD%20%D0%9C%D0%B5%D1%81%D1%8F%D1%8F%D1%86-179x182.png","ukZ/vJDpy1IQue9+zjfzZA==":"4839373-700x483.png"}